-- MySQL dump 10.13  Distrib 8.0.28, for Linux (x86_64)
--
-- Host: localhost    Database: db_lem
-- ------------------------------------------------------
-- Server version	8.0.28-0ubuntu0.20.04.3

/*!40101 SET @OLD_CHARACTER_SET_CLIENT=@@CHARACTER_SET_CLIENT */;
/*!40101 SET @OLD_CHARACTER_SET_RESULTS=@@CHARACTER_SET_RESULTS */;
/*!40101 SET @OLD_COLLATION_CONNECTION=@@COLLATION_CONNECTION */;
/*!50503 SET NAMES utf8mb4 */;
/*!40103 SET @OLD_TIME_ZONE=@@TIME_ZONE */;
/*!40103 SET TIME_ZONE='+00:00' */;
/*!40014 SET @OLD_UNIQUE_CHECKS=@@UNIQUE_CHECKS, UNIQUE_CHECKS=0 */;
/*!40014 SET @OLD_FOREIGN_KEY_CHECKS=@@FOREIGN_KEY_CHECKS, FOREIGN_KEY_CHECKS=0 */;
/*!40101 SET @OLD_SQL_MODE=@@SQL_MODE, SQL_MODE='NO_AUTO_VALUE_ON_ZERO' */;
/*!40111 SET @OLD_SQL_NOTES=@@SQL_NOTES, SQL_NOTES=0 */;

--
-- Table structure for table `AGENCE`
--

DROP TABLE IF EXISTS `AGENCE`;
/*!40101 SET @saved_cs_client     = @@character_set_client */;
/*!50503 SET character_set_client = utf8mb4 */;
CREATE TABLE `AGENCE` (
  `numero_AGENCE` int NOT NULL AUTO_INCREMENT,
  `adresse_AGENCE` varchar(255) DEFAULT NULL,
  `etat_AGENCE` tinyint(1) DEFAULT '0',
  `id_USER_USER` int DEFAULT NULL,
  PRIMARY KEY (`numero_AGENCE`)
) ENGINE=InnoDB AUTO_INCREMENT=31 DEFAULT CHARSET=utf8mb4 COLLATE=utf8mb4_0900_ai_ci;
/*!40101 SET character_set_client = @saved_cs_client */;

--
-- Dumping data for table `AGENCE`
--

LOCK TABLES `AGENCE` WRITE;
/*!40000 ALTER TABLE `AGENCE` DISABLE KEYS */;
INSERT INTO `AGENCE` VALUES (1,'21 Dunning Alley',0,3),(2,'9 Banding Plaza',0,0),(3,'69 Maple Wood Alley',1,7),(4,'365 Artisan Circle',1,1),(5,'5 Nova Road',0,39),(6,'37 Dunning Road',0,64),(7,'7 Dovetail Road',0,3),(8,'467 Everett Lane',1,62),(9,'41 Randy Park',0,0),(10,'55 Sunbrook Place',0,34),(11,'077 Burning Wood Court',1,24),(12,'63 Sunnyside Pass',0,41),(13,'5590 American Ash Parkway',1,83),(14,'692 Golden Leaf Place',1,64),(15,'619 Kedzie Alley',1,9),(16,'99 Portage Hill',1,3),(17,'8 Colorado Lane',1,6),(18,'278 Spenser Court',1,21),(19,'38928 Warrior Pass',1,22),(20,'8676 Barnett Plaza',1,5),(21,'0 Caliangt Terrace',1,5),(22,'13 Chive Plaza',1,70),(23,'70601 Burrows Junction',0,2),(24,'8099 Ohio Park',1,68),(25,'36 8th Park',0,72),(26,'5 Killdeer Center',1,8),(27,'67 Mesta Way',0,85),(28,'528 Moland Park',1,3),(29,'1 Chive Parkway',1,34),(30,'4 Oak Valley Junction',1,87);
/*!40000 ALTER TABLE `AGENCE` ENABLE KEYS */;
UNLOCK TABLES;

--
-- Table structure for table `ASSOCIER`
--

DROP TABLE IF EXISTS `ASSOCIER`;
/*!40101 SET @saved_cs_client     = @@character_set_client */;
/*!50503 SET character_set_client = utf8mb4 */;
CREATE TABLE `ASSOCIER` (
  `date_debut` date DEFAULT NULL,
  `date_fin` date DEFAULT NULL,
  `id_USER_USER` int NOT NULL,
  `numero_COMPTE_TRANSACTION` int NOT NULL,
  `id_CHEF_AGENCE` int NOT NULL,
  PRIMARY KEY (`id_USER_USER`,`numero_COMPTE_TRANSACTION`,`id_CHEF_AGENCE`),
  KEY `FK_ASSOCIER_numero_COMPTE_TRANSACTION` (`numero_COMPTE_TRANSACTION`),
  CONSTRAINT `FK_ASSOCIER_numero_COMPTE_TRANSACTION` FOREIGN KEY (`numero_COMPTE_TRANSACTION`) REFERENCES `COMPTE_TRANSACTION` (`numero`)
) ENGINE=InnoDB DEFAULT CHARSET=utf8mb4 COLLATE=utf8mb4_0900_ai_ci;
/*!40101 SET character_set_client = @saved_cs_client */;

--
-- Dumping data for table `ASSOCIER`
--

LOCK TABLES `ASSOCIER` WRITE;
/*!40000 ALTER TABLE `ASSOCIER` DISABLE KEYS */;
INSERT INTO `ASSOCIER` VALUES ('2019-07-30','2020-06-21',0,1,7),('2020-06-17','2019-07-10',0,3,5),('2020-05-06','2021-11-04',0,3,6),('2020-03-03','2021-12-11',0,7,0),('2020-09-01','2019-11-06',0,37,5),('2021-02-11','2019-10-14',1,8,6),('2020-08-13','2022-02-24',2,1,7),('2020-09-18','2019-05-03',2,27,3),('2019-10-13','2019-12-19',2,61,9),('2019-05-20','2021-09-13',3,3,1),('2019-09-24','2021-12-19',3,3,5),('2020-02-28','2019-03-21',3,75,7),('2020-02-22','2021-06-04',4,5,7),('2021-02-07','2022-02-23',4,6,9),('2019-08-25','2021-06-21',4,26,5),('2020-10-01','2019-07-23',5,5,0),('2020-02-25','2020-12-03',5,72,2),('2020-09-07','2019-11-22',6,8,8),('2020-09-12','2020-10-15',7,49,0),('2020-03-09','2022-03-04',8,50,6),('2020-03-27','2021-08-24',14,5,2),('2020-01-21','2019-10-19',14,30,0),('2020-05-26','2021-08-07',23,38,7),('2021-01-02','2020-08-04',26,8,5),('2019-09-08','2019-05-21',28,4,9),('2019-10-21','2021-11-06',33,8,0),('2020-03-26','2021-03-20',50,6,1),('2020-11-19','2019-10-14',70,5,2),('2020-04-10','2020-08-27',81,8,5),('2019-07-19','2020-02-23',95,8,7);
/*!40000 ALTER TABLE `ASSOCIER` ENABLE KEYS */;
UNLOCK TABLES;

--
-- Table structure for table `CLIENT`
--

DROP TABLE IF EXISTS `CLIENT`;
/*!40101 SET @saved_cs_client     = @@character_set_client */;
/*!50503 SET character_set_client = utf8mb4 */;
CREATE TABLE `CLIENT` (
  `nci_CLIENT` int NOT NULL AUTO_INCREMENT,
  `nom_CLIENT` varchar(255) DEFAULT NULL,
  `prenom_CLIENT` varchar(255) DEFAULT NULL,
  `telephone` varchar(255) DEFAULT NULL,
  PRIMARY KEY (`nci_CLIENT`)
) ENGINE=InnoDB AUTO_INCREMENT=101 DEFAULT CHARSET=utf8mb4 COLLATE=utf8mb4_0900_ai_ci;
/*!40101 SET character_set_client = @saved_cs_client */;

--
-- Dumping data for table `CLIENT`
--

LOCK TABLES `CLIENT` WRITE;
/*!40000 ALTER TABLE `CLIENT` DISABLE KEYS */;
INSERT INTO `CLIENT` VALUES (1,'Summerlad','Kylynn','7256645778'),(2,'Need','Rodolfo','9451028605'),(3,'Inkle','Lothaire','7518567590'),(4,'Bleue','Perkin','3978317033'),(5,'Crawshay','Melloney','1087368878'),(6,'McGuinley','Olin','9292948135'),(7,'Boyer','Alicea','6281308619'),(8,'Riddel','Rudiger','9908057957'),(9,'Blucher','Eddy','4034431054'),(10,'Bugler','Joane','6124146642'),(11,'Rentenbeck','Rochelle','7174786311'),(12,'Garretts','Tobie','9149552805'),(13,'Sidery','Billye','7721038072'),(14,'Avrahamoff','Sabina','3258380497'),(15,'Sturgis','Inger','2611110467'),(16,'Camfield','Arlen','8999999022'),(17,'Gapper','Dan','9732721915'),(18,'Riseborough','Filide','8374590304'),(19,'Pomery','Lynde','8928515948'),(20,'Honeyghan','Gardy','1686306603'),(21,'Aldins','Robinette','8085601231'),(22,'Arlow','Ileana','3106851632'),(23,'Fairclough','Giorgia','6824382694'),(24,'Leeburne','Walsh','8294461901'),(25,'Haygreen','Rick','7916093553'),(26,'Capaldo','Nerissa','3865513642'),(27,'Morrott','Casandra','2287374583'),(28,'Nice','Archibaldo','9631376609'),(29,'Symmons','Freddy','3329086268'),(30,'Stollhofer','Dynah','2547430380'),(31,'Bees','Olva','2159923606'),(32,'Immings','Marya','5726107499'),(33,'Goman','George','7298441563'),(34,'Southwell','Dorotea','3988072024'),(35,'Sherr','Erhart','9019906073'),(36,'Grzelak','Hermon','5273915853'),(37,'Piggins','Anabel','7754036170'),(38,'Savell','Ailis','5951219550'),(39,'Edgar','Dieter','5791459673'),(40,'Strood','Stefano','6115750818'),(41,'Wharmby','Aigneis','8831367822'),(42,'Baggelley','Mordy','2118017181'),(43,'O\'Kynsillaghe','Sosanna','4315070139'),(44,'Cutforth','Rog','1126887117'),(45,'Coburn','Laurianne','6946609191'),(46,'Kondratowicz','Dominic','4097297544'),(47,'Gauthorpp','Nita','4781470989'),(48,'Vitte','Alastair','5191768421'),(49,'Paish','Zerk','2331063609'),(50,'Nannetti','Guthrie','6721788424'),(51,'Padefield','Lib','3768603258'),(52,'Roswarn','Alexine','5219789502'),(53,'Seater','Hewett','4728161924'),(54,'Biasetti','Kermy','6785433184'),(55,'Koopman','Larissa','6315133051'),(56,'Kuhnke','Joyce','9853855505'),(57,'Axston','Golda','1535888270'),(58,'Cunde','Eliza','7007336856'),(59,'Atyea','Moise','7877776233'),(60,'Glasby','Gusta','2876598910'),(61,'Sleith','Wendell','6708127813'),(62,'Formoy','Buffy','6052663235'),(63,'Shillaber','Batholomew','3139695599'),(64,'MacCaull','Cate','9206631114'),(65,'de Guerre','Arlena','9275227381'),(66,'Schofield','Madelin','4016496306'),(67,'Dorgon','Ella','7219339818'),(68,'Gainfort','Skyler','9695400502'),(69,'Polgreen','Frances','2288860623'),(70,'Prestwich','Kennie','3505108546'),(71,'Halbeard','Brittne','9301366945'),(72,'Rowlstone','Kaja','1096436649'),(73,'Lockhurst','Barthel','6736279425'),(74,'Galland','Ephrayim','9552686501'),(75,'Dobbison','Sosanna','1165421863'),(76,'Scanlon','Marrissa','8769775213'),(77,'Couch','Cal','4419409870'),(78,'Colten','Paxon','8622229500'),(79,'Peyzer','Randell','9016450955'),(80,'Ofen','Gearard','3025163772'),(81,'MacShirrie','Thornie','7887517622'),(82,'Sibbs','Neil','4413406762'),(83,'Seman','Natka','6599275216'),(84,'O\' Mullan','Kristine','8262658339'),(85,'Matysiak','Ashton','1621864165'),(86,'Salsberg','Kala','7883677370'),(87,'Wibberley','Juanita','3134043998'),(88,'Garatty','Phillida','3296308866'),(89,'Heake','Zack','9852043441'),(90,'Lacasa','Findley','3523472088'),(91,'Bennett','Queenie','5914606526'),(92,'Pellington','Astrid','1531659871'),(93,'Lyptrit','Dolorita','2754146054'),(94,'Gircke','Florence','1375236019'),(95,'Achromov','Colet','4317059872'),(96,'Fawdry','Zebulen','7462934587'),(97,'Batistelli','Garwin','5504074014'),(98,'Coghlan','Caspar','3087565861'),(99,'Hellwig','Artemas','4569627882'),(100,'Arkil','Elysee','5588355616');
/*!40000 ALTER TABLE `CLIENT` ENABLE KEYS */;
UNLOCK TABLES;

--
-- Table structure for table `COMPTE_TRANSACTION`
--

DROP TABLE IF EXISTS `COMPTE_TRANSACTION`;
/*!40101 SET @saved_cs_client     = @@character_set_client */;
/*!50503 SET character_set_client = utf8mb4 */;
CREATE TABLE `COMPTE_TRANSACTION` (
  `numero` int NOT NULL AUTO_INCREMENT,
  `dateCreattion_COMPTE_TRANSACTION` date DEFAULT NULL,
  `solde_COMPTE_TRANSACTION` float DEFAULT NULL,
  PRIMARY KEY (`numero`)
) ENGINE=InnoDB AUTO_INCREMENT=1001 DEFAULT CHARSET=utf8mb4 COLLATE=utf8mb4_0900_ai_ci;
/*!40101 SET character_set_client = @saved_cs_client */;

--
-- Dumping data for table `COMPTE_TRANSACTION`
--

LOCK TABLES `COMPTE_TRANSACTION` WRITE;
/*!40000 ALTER TABLE `COMPTE_TRANSACTION` DISABLE KEYS */;
INSERT INTO `COMPTE_TRANSACTION` VALUES (1,'2021-12-10',52),(2,'2021-10-08',5),(3,'2022-01-23',691),(4,'2020-03-25',2),(5,'2022-01-15',130),(6,'2022-01-11',7),(7,'2021-06-20',1),(8,'2021-07-30',100),(9,'2021-05-27',81),(10,'2020-05-15',7348),(11,'2020-06-28',1),(12,'2020-10-29',3875),(13,'2021-11-11',5),(14,'2021-11-27',224),(15,'2021-05-10',6769),(16,'2022-03-11',7),(17,'2020-07-29',5287),(18,'2020-02-24',5),(19,'2020-09-22',3),(20,'2022-01-23',3888),(21,'2021-07-17',43),(22,'2020-05-21',8),(23,'2020-07-04',8),(24,'2021-12-24',3724),(25,'2020-03-11',4860),(26,'2020-02-19',6),(27,'2020-07-27',7967),(28,'2021-05-15',4725),(29,'2021-04-21',6),(30,'2021-06-10',1),(31,'2021-06-21',612),(32,'2021-10-14',5801),(33,'2021-12-17',738),(34,'2022-01-19',8),(35,'2020-08-14',1),(36,'2019-12-31',35),(37,'2021-07-19',6),(38,'2022-02-21',3),(39,'2021-10-14',33),(40,'2020-03-01',872),(41,'2020-06-23',98),(42,'2021-11-18',35),(43,'2020-06-03',7),(44,'2020-11-28',9982),(45,'2022-02-28',8726),(46,'2020-04-16',570),(47,'2021-03-27',7),(48,'2020-05-24',36),(49,'2021-03-11',754),(50,'2021-03-19',974),(51,'2020-11-19',863),(52,'2021-07-04',8157),(53,'2021-11-12',77),(54,'2020-02-04',2),(55,'2020-09-01',0),(56,'2020-11-16',5),(57,'2021-01-08',235),(58,'2020-04-16',4),(59,'2022-02-13',6),(60,'2021-04-25',8751),(61,'2021-02-16',1),(62,'2020-07-10',4127),(63,'2021-04-28',8817),(64,'2020-01-12',739),(65,'2020-01-26',1938),(66,'2021-07-24',2),(67,'2021-09-06',0),(68,'2021-09-30',559),(69,'2020-02-18',5387),(70,'2020-09-18',15),(71,'2021-07-23',570),(72,'2021-05-28',56),(73,'2021-01-22',559),(74,'2021-10-13',0),(75,'2020-04-05',9),(76,'2020-05-16',523),(77,'2021-05-07',368),(78,'2020-09-08',7142),(79,'2020-06-09',0),(80,'2021-10-08',6),(81,'2020-03-30',60),(82,'2019-12-31',78),(83,'2020-08-07',398),(84,'2020-07-18',58),(85,'2020-12-16',296),(86,'2021-05-08',2),(87,'2021-07-01',4),(88,'2022-02-06',3926),(89,'2021-05-11',73),(90,'2020-07-15',980),(91,'2020-05-06',495),(92,'2021-09-24',6),(93,'2020-09-30',91),(94,'2020-01-12',212),(95,'2021-10-28',1801),(96,'2022-02-08',3),(97,'2020-11-29',285),(98,'2020-07-16',9),(99,'2020-03-02',1164),(100,'2020-01-19',3),(101,'2020-01-22',230),(102,'2022-01-05',81),(103,'2021-07-09',1),(104,'2021-06-03',214),(105,'2021-01-08',9),(106,'2020-08-14',3006),(107,'2020-07-13',4),(108,'2022-02-24',75),(109,'2021-12-09',98),(110,'2020-03-06',4),(111,'2022-03-09',2641),(112,'2021-11-25',3267),(113,'2021-06-08',572),(114,'2021-08-02',4),(115,'2020-09-25',1662),(116,'2021-02-14',9035),(117,'2020-05-07',581),(118,'2020-12-30',3205),(119,'2020-10-26',1331),(120,'2021-02-08',6),(121,'2021-06-04',56),(122,'2020-11-20',1),(123,'2021-05-14',24),(124,'2020-08-29',721),(125,'2020-05-29',53),(126,'2021-09-21',12),(127,'2020-12-28',9),(128,'2020-08-11',625),(129,'2021-03-02',599),(130,'2020-06-26',8368),(131,'2020-02-13',9),(132,'2021-10-19',3),(133,'2021-04-26',369),(134,'2020-02-16',49),(135,'2021-09-01',30),(136,'2020-08-07',9),(137,'2019-12-23',0),(138,'2020-04-17',6),(139,'2021-05-29',52),(140,'2020-06-10',7510),(141,'2019-12-29',1),(142,'2021-12-18',3),(143,'2021-07-27',7),(144,'2020-11-07',9264),(145,'2020-10-07',136),(146,'2020-12-07',370),(147,'2021-06-06',2),(148,'2021-06-25',400),(149,'2021-08-03',507),(150,'2021-07-25',961),(151,'2021-03-26',3),(152,'2020-04-06',1),(153,'2021-07-01',3425),(154,'2019-12-11',0),(155,'2020-10-24',4418),(156,'2021-06-19',3),(157,'2021-05-02',75),(158,'2020-06-11',598),(159,'2021-10-29',27),(160,'2021-11-03',2),(161,'2022-01-01',36),(162,'2021-10-28',8),(163,'2020-10-19',795),(164,'2021-09-14',80),(165,'2020-04-01',4012),(166,'2020-10-15',7),(167,'2020-01-23',6606),(168,'2021-09-28',595),(169,'2021-01-30',6),(170,'2020-02-18',4685),(171,'2021-11-04',84),(172,'2020-02-17',0),(173,'2020-02-08',7134),(174,'2021-02-11',4123),(175,'2021-09-13',77),(176,'2020-03-07',7595),(177,'2020-01-27',882),(178,'2020-09-25',8),(179,'2020-12-06',894),(180,'2021-12-08',771),(181,'2021-01-27',45),(182,'2020-08-01',406),(183,'2021-01-04',969),(184,'2020-01-28',0),(185,'2021-09-07',125),(186,'2020-03-22',6238),(187,'2021-03-19',770),(188,'2021-06-17',1338),(189,'2020-07-21',18),(190,'2021-07-24',792),(191,'2020-02-04',269),(192,'2020-08-19',104),(193,'2022-02-26',4),(194,'2020-06-19',706),(195,'2021-05-10',65),(196,'2020-03-27',5360),(197,'2021-05-22',170),(198,'2021-11-23',7969),(199,'2022-01-09',8030),(200,'2021-11-02',2),(201,'2021-09-27',4940),(202,'2022-02-09',9),(203,'2020-05-25',556),(204,'2020-02-24',82),(205,'2022-01-19',3),(206,'2021-01-10',0),(207,'2020-10-14',859),(208,'2020-11-23',4913),(209,'2021-12-10',7319),(210,'2021-08-02',377),(211,'2021-07-01',34),(212,'2021-12-30',9),(213,'2020-11-25',8003),(214,'2020-05-26',6),(215,'2020-02-26',9),(216,'2020-07-04',158),(217,'2020-02-01',0),(218,'2021-11-01',57),(219,'2021-03-17',8),(220,'2020-08-01',1521),(221,'2019-12-09',56),(222,'2022-03-12',5),(223,'2022-01-21',2042),(224,'2019-12-22',1200),(225,'2020-10-06',173),(226,'2020-06-01',503),(227,'2020-06-17',7175),(228,'2021-09-16',27),(229,'2020-03-15',0),(230,'2020-01-02',9114),(231,'2020-09-29',24),(232,'2020-03-03',248),(233,'2021-06-05',9),(234,'2022-01-11',909),(235,'2021-12-23',6007),(236,'2020-09-04',4),(237,'2021-06-19',619),(238,'2020-10-20',1059),(239,'2022-02-17',324),(240,'2020-11-30',5),(241,'2022-02-05',2),(242,'2020-12-11',2462),(243,'2021-05-23',473),(244,'2020-03-23',937),(245,'2020-10-08',756),(246,'2020-06-21',2),(247,'2022-01-20',9724),(248,'2021-08-23',6),(249,'2021-10-25',3),(250,'2020-01-08',420),(251,'2020-12-30',706),(252,'2022-01-11',0),(253,'2020-03-03',616),(254,'2020-04-26',540),(255,'2020-06-14',9),(256,'2021-09-29',4091),(257,'2020-08-23',3),(258,'2020-02-23',11),(259,'2021-04-12',8),(260,'2020-06-25',914),(261,'2021-12-04',5245),(262,'2022-02-22',5530),(263,'2021-12-08',35),(264,'2020-08-05',525),(265,'2020-04-10',8187),(266,'2020-11-18',15),(267,'2020-01-05',6),(268,'2021-08-04',9511),(269,'2020-06-17',30),(270,'2021-07-22',5873),(271,'2021-06-21',4),(272,'2020-06-22',3),(273,'2020-06-27',835),(274,'2020-08-08',138),(275,'2022-01-20',9777),(276,'2021-09-24',8),(277,'2020-12-28',4963),(278,'2020-09-29',356),(279,'2020-03-01',632),(280,'2021-05-10',62),(281,'2020-01-12',1),(282,'2021-09-11',122),(283,'2021-03-01',70),(284,'2020-10-06',66),(285,'2020-01-30',0),(286,'2021-10-14',35),(287,'2020-09-09',604),(288,'2022-01-09',9666),(289,'2021-02-20',144),(290,'2020-02-10',9),(291,'2022-02-11',327),(292,'2020-12-18',875),(293,'2020-03-19',471),(294,'2020-05-15',98),(295,'2021-02-13',5),(296,'2022-02-28',62),(297,'2021-05-16',9865),(298,'2021-10-25',332),(299,'2021-04-07',3),(300,'2021-09-23',3),(301,'2020-04-05',0),(302,'2020-05-07',7601),(303,'2020-07-17',71),(304,'2020-05-03',833),(305,'2021-11-12',6),(306,'2021-06-11',6),(307,'2020-12-18',4),(308,'2022-01-04',175),(309,'2021-04-11',3181),(310,'2021-08-27',6),(311,'2020-04-08',757),(312,'2022-03-10',5),(313,'2021-09-26',28),(314,'2022-01-29',8306),(315,'2021-11-11',221),(316,'2021-12-31',5),(317,'2021-07-16',313),(318,'2020-10-20',28),(319,'2022-02-05',4332),(320,'2021-10-19',8),(321,'2020-01-20',5),(322,'2021-09-02',169),(323,'2020-07-07',379),(324,'2021-01-27',961),(325,'2020-01-16',797),(326,'2021-01-02',1),(327,'2022-03-10',365),(328,'2020-11-14',30),(329,'2021-08-30',706),(330,'2021-05-23',4),(331,'2021-12-06',5070),(332,'2022-02-20',6),(333,'2021-03-05',41),(334,'2021-04-20',33),(335,'2021-03-24',713),(336,'2021-04-01',8568),(337,'2021-02-03',726),(338,'2019-12-10',986),(339,'2021-01-13',6459),(340,'2021-01-24',6),(341,'2020-10-30',88),(342,'2020-02-26',9),(343,'2020-01-07',75),(344,'2020-12-02',959),(345,'2021-09-30',1),(346,'2021-10-23',74),(347,'2020-05-30',7815),(348,'2021-07-30',7131),(349,'2020-09-12',5),(350,'2021-05-23',80),(351,'2021-12-07',65),(352,'2021-09-18',4),(353,'2020-10-11',8517),(354,'2020-02-25',84),(355,'2020-01-26',9335),(356,'2021-11-19',1),(357,'2021-06-22',801),(358,'2021-12-15',6774),(359,'2022-01-23',433),(360,'2020-12-24',1339),(361,'2020-03-08',9),(362,'2020-05-20',84),(363,'2021-02-28',7),(364,'2020-12-04',109),(365,'2020-01-24',2),(366,'2020-09-25',6),(367,'2020-09-06',41),(368,'2021-12-21',69),(369,'2020-10-29',579),(370,'2021-10-26',287),(371,'2020-08-07',4124),(372,'2021-09-15',47),(373,'2021-10-11',6036),(374,'2021-10-14',337),(375,'2020-08-18',4055),(376,'2021-06-05',30),(377,'2020-02-27',880),(378,'2020-06-15',246),(379,'2020-07-01',15),(380,'2020-09-29',5),(381,'2020-07-24',7215),(382,'2021-05-10',4),(383,'2020-08-27',9615),(384,'2020-01-19',2),(385,'2021-07-25',9),(386,'2022-01-27',67),(387,'2020-03-28',9055),(388,'2020-12-31',72),(389,'2020-05-10',7800),(390,'2020-03-09',670),(391,'2020-12-25',1),(392,'2021-11-10',4734),(393,'2020-09-27',675),(394,'2020-11-13',6722),(395,'2021-01-15',659),(396,'2020-08-19',799),(397,'2021-03-15',56),(398,'2021-02-23',27),(399,'2021-07-24',921),(400,'2020-03-24',6722),(401,'2021-04-30',548),(402,'2021-04-01',8041),(403,'2020-11-14',46),(404,'2021-01-27',1355),(405,'2020-05-07',826),(406,'2020-10-14',4075),(407,'2022-01-19',9),(408,'2021-01-16',2580),(409,'2021-02-12',6552),(410,'2021-10-31',51),(411,'2020-05-22',9014),(412,'2021-12-05',39),(413,'2020-03-01',8),(414,'2021-03-20',4446),(415,'2020-02-02',31),(416,'2020-12-05',588),(417,'2021-11-02',27),(418,'2021-09-28',831),(419,'2020-08-17',7),(420,'2020-08-20',88),(421,'2022-02-02',84),(422,'2020-06-02',68),(423,'2020-05-09',541),(424,'2021-08-15',5796),(425,'2020-12-23',35),(426,'2021-03-19',78),(427,'2020-12-24',321),(428,'2022-02-03',29),(429,'2020-06-12',6175),(430,'2020-06-30',7581),(431,'2020-07-30',5),(432,'2021-09-21',84),(433,'2021-10-12',4439),(434,'2020-05-04',374),(435,'2020-01-24',124),(436,'2022-02-16',865),(437,'2022-02-01',3138),(438,'2021-06-18',86),(439,'2020-12-09',2),(440,'2020-12-03',456),(441,'2021-10-08',2),(442,'2022-02-17',7232),(443,'2021-09-04',484),(444,'2021-11-24',718),(445,'2021-02-22',8416),(446,'2020-08-06',77),(447,'2021-02-17',7),(448,'2021-08-14',50),(449,'2020-04-03',4),(450,'2021-01-23',2187),(451,'2022-01-25',1),(452,'2020-02-14',4),(453,'2021-03-15',2354),(454,'2021-07-29',5245),(455,'2020-03-12',2),(456,'2020-06-21',31),(457,'2020-09-05',198),(458,'2021-06-01',7290),(459,'2020-07-03',1),(460,'2021-08-28',5),(461,'2020-12-16',6913),(462,'2020-09-30',950),(463,'2021-05-02',0),(464,'2021-12-06',407),(465,'2020-08-24',3),(466,'2021-07-02',753),(467,'2021-07-12',19),(468,'2021-08-10',57),(469,'2020-02-25',54),(470,'2020-02-14',51),(471,'2021-08-16',0),(472,'2022-01-27',0),(473,'2020-11-30',9518),(474,'2020-05-21',4),(475,'2021-04-26',76),(476,'2020-08-03',121),(477,'2021-11-18',1),(478,'2021-05-18',7),(479,'2020-09-07',41),(480,'2020-11-09',6032),(481,'2021-03-15',0),(482,'2022-02-24',1),(483,'2021-10-29',82),(484,'2020-07-22',434),(485,'2021-11-23',4807),(486,'2020-08-17',4),(487,'2022-02-18',45),(488,'2020-12-20',13),(489,'2020-01-18',2),(490,'2020-06-28',82),(491,'2021-06-04',24),(492,'2020-11-08',83),(493,'2021-03-17',6),(494,'2021-11-07',3),(495,'2020-11-01',335),(496,'2021-12-26',4542),(497,'2021-05-22',20),(498,'2021-06-03',0),(499,'2021-10-10',5520),(500,'2020-03-28',6),(501,'2020-09-18',84),(502,'2021-01-07',69),(503,'2020-01-30',7),(504,'2020-04-27',8),(505,'2020-04-28',3701),(506,'2021-05-07',5515),(507,'2022-02-13',780),(508,'2020-01-31',95),(509,'2020-02-16',8621),(510,'2022-01-13',9),(511,'2020-07-29',657),(512,'2021-08-20',874),(513,'2020-04-17',6),(514,'2021-03-19',4937),(515,'2020-02-29',5534),(516,'2020-01-31',2),(517,'2020-08-11',8533),(518,'2020-02-26',6),(519,'2021-06-14',9336),(520,'2020-02-26',21),(521,'2020-03-19',844),(522,'2020-10-01',5578),(523,'2022-01-09',11),(524,'2020-08-18',6),(525,'2021-06-08',8),(526,'2019-12-11',8840),(527,'2021-05-18',7),(528,'2020-07-05',0),(529,'2019-12-11',78),(530,'2020-10-05',668),(531,'2020-01-17',5),(532,'2020-06-09',36),(533,'2020-09-07',5702),(534,'2020-07-01',4),(535,'2020-02-17',8),(536,'2022-01-25',9),(537,'2020-06-04',2),(538,'2020-09-14',5),(539,'2021-08-31',90),(540,'2020-12-15',8),(541,'2020-10-06',1),(542,'2021-07-10',6234),(543,'2020-02-24',62),(544,'2020-05-28',9),(545,'2021-08-04',3),(546,'2020-11-09',77),(547,'2020-02-19',9),(548,'2022-03-08',2),(549,'2021-03-21',579),(550,'2021-06-13',7361),(551,'2020-05-07',7621),(552,'2021-04-18',8),(553,'2021-02-11',5998),(554,'2021-09-21',127),(555,'2021-12-05',5696),(556,'2021-07-06',62),(557,'2021-12-11',9),(558,'2020-02-08',27),(559,'2020-07-29',3),(560,'2020-05-25',43),(561,'2020-10-03',1664),(562,'2020-07-04',9),(563,'2021-09-13',53),(564,'2021-07-12',607),(565,'2020-12-13',5350),(566,'2020-10-18',67),(567,'2021-12-25',4),(568,'2020-12-13',103),(569,'2020-06-10',2359),(570,'2022-01-01',84),(571,'2022-02-09',7),(572,'2020-09-16',26),(573,'2021-02-12',907),(574,'2022-03-09',76),(575,'2021-05-06',96),(576,'2020-09-14',984),(577,'2022-01-12',9),(578,'2020-09-26',525),(579,'2021-09-02',48),(580,'2020-08-30',5779),(581,'2020-10-10',37),(582,'2022-01-27',701),(583,'2020-08-19',3856),(584,'2021-10-30',1),(585,'2022-01-07',82),(586,'2021-01-02',660),(587,'2020-07-09',6),(588,'2021-07-15',64),(589,'2021-09-10',79),(590,'2021-03-05',9945),(591,'2021-12-29',8219),(592,'2021-12-30',691),(593,'2020-09-30',8641),(594,'2021-06-07',51),(595,'2020-12-03',91),(596,'2020-01-02',66),(597,'2022-02-09',935),(598,'2021-10-08',1),(599,'2020-08-13',4),(600,'2021-03-11',374),(601,'2020-10-06',91),(602,'2021-05-27',1720),(603,'2022-01-01',24),(604,'2021-04-22',524),(605,'2020-09-30',12),(606,'2021-01-18',653),(607,'2020-02-04',5),(608,'2021-11-25',430),(609,'2021-12-28',17),(610,'2020-08-29',250),(611,'2020-07-22',6413),(612,'2021-12-03',961),(613,'2021-07-30',7),(614,'2019-12-30',7824),(615,'2021-08-11',18),(616,'2021-10-28',2),(617,'2020-10-14',145),(618,'2021-10-11',7),(619,'2020-04-19',696),(620,'2020-07-12',6840),(621,'2021-09-23',49),(622,'2020-07-31',1450),(623,'2020-03-03',5514),(624,'2021-11-30',32),(625,'2021-04-03',194),(626,'2022-02-27',19),(627,'2022-02-28',545),(628,'2020-11-23',333),(629,'2020-10-23',45),(630,'2020-08-30',5),(631,'2021-05-19',4),(632,'2021-06-11',7),(633,'2020-07-30',1312),(634,'2021-01-13',9),(635,'2020-09-12',758),(636,'2021-05-02',5),(637,'2021-11-06',130),(638,'2019-12-17',51),(639,'2021-08-23',49),(640,'2022-01-24',2833),(641,'2021-02-14',389),(642,'2021-11-05',8),(643,'2022-02-05',43),(644,'2020-10-20',0),(645,'2021-12-04',8),(646,'2021-09-11',39),(647,'2020-05-18',8446),(648,'2021-11-16',8),(649,'2020-10-08',9766),(650,'2021-02-07',0),(651,'2021-11-19',8),(652,'2021-03-30',7),(653,'2022-01-28',837),(654,'2021-05-10',2),(655,'2021-02-28',4),(656,'2021-12-31',585),(657,'2019-12-13',567),(658,'2020-12-01',2),(659,'2019-12-31',40),(660,'2020-05-18',1),(661,'2021-12-30',41),(662,'2021-01-18',857),(663,'2020-09-12',4),(664,'2020-11-07',6),(665,'2021-09-26',883),(666,'2020-07-13',2313),(667,'2020-08-22',5504),(668,'2022-01-12',1),(669,'2020-04-18',79),(670,'2021-10-16',492),(671,'2020-01-12',917),(672,'2020-10-30',6),(673,'2021-08-18',31),(674,'2021-11-27',467),(675,'2020-11-05',1),(676,'2020-05-06',7516),(677,'2021-06-05',5155),(678,'2019-12-30',0),(679,'2020-04-09',26),(680,'2020-06-30',38),(681,'2020-03-21',5409),(682,'2019-12-20',93),(683,'2020-10-20',9),(684,'2020-03-20',954),(685,'2021-02-04',78),(686,'2021-04-30',69),(687,'2022-02-21',9651),(688,'2022-02-05',21),(689,'2021-07-20',2),(690,'2022-01-03',45),(691,'2020-01-31',1239),(692,'2020-09-21',30),(693,'2020-12-14',124),(694,'2021-06-27',7),(695,'2020-09-26',6764),(696,'2019-12-22',0),(697,'2020-06-19',96),(698,'2021-03-08',3144),(699,'2020-05-29',627),(700,'2022-01-13',8),(701,'2020-09-24',988),(702,'2020-08-05',84),(703,'2021-10-14',6943),(704,'2021-04-06',817),(705,'2020-05-05',1647),(706,'2021-05-12',13),(707,'2020-09-24',13),(708,'2021-05-23',4),(709,'2020-08-01',51),(710,'2021-10-12',4976),(711,'2020-12-05',4),(712,'2020-10-30',1),(713,'2021-11-11',178),(714,'2020-01-22',92),(715,'2020-06-16',499),(716,'2020-11-08',4),(717,'2019-12-19',5),(718,'2020-06-15',31),(719,'2022-03-08',7),(720,'2021-06-26',98),(721,'2021-07-08',6),(722,'2021-01-12',0),(723,'2020-06-15',1784),(724,'2020-07-12',2),(725,'2020-06-07',715),(726,'2020-09-24',4),(727,'2020-02-08',218),(728,'2020-08-08',406),(729,'2020-05-07',6485),(730,'2020-08-23',975),(731,'2021-01-06',2372),(732,'2020-05-01',0),(733,'2021-09-01',2),(734,'2020-11-06',76),(735,'2020-02-28',1964),(736,'2019-12-14',8),(737,'2020-06-11',0),(738,'2021-01-19',6),(739,'2021-12-26',898),(740,'2021-01-24',4506),(741,'2021-11-01',4107),(742,'2021-03-07',42),(743,'2022-02-17',251),(744,'2020-02-16',8),(745,'2020-05-02',0),(746,'2020-05-16',64),(747,'2022-01-18',3524),(748,'2020-08-15',98),(749,'2021-12-28',3777),(750,'2020-08-24',47),(751,'2020-11-07',300),(752,'2021-05-09',9),(753,'2022-01-15',891),(754,'2020-08-02',47),(755,'2020-04-08',23),(756,'2020-04-04',1382),(757,'2020-10-11',5046),(758,'2021-12-10',865),(759,'2022-03-12',7),(760,'2020-12-21',5),(761,'2021-08-01',8677),(762,'2020-12-29',90),(763,'2020-06-09',308),(764,'2022-02-13',38),(765,'2022-01-04',2750),(766,'2020-02-26',19),(767,'2020-08-11',8120),(768,'2020-02-21',59),(769,'2021-04-13',5),(770,'2020-01-04',193),(771,'2020-03-13',189),(772,'2020-08-11',9800),(773,'2022-02-04',4425),(774,'2020-06-05',219),(775,'2021-02-19',5),(776,'2020-02-12',2165),(777,'2022-03-01',5),(778,'2021-08-07',4922),(779,'2020-05-29',1),(780,'2020-05-01',33),(781,'2020-09-02',180),(782,'2020-02-17',4),(783,'2021-03-16',8),(784,'2020-09-11',98),(785,'2021-04-08',445),(786,'2020-05-04',28),(787,'2020-12-13',94),(788,'2022-03-10',1536),(789,'2020-04-06',4384),(790,'2020-09-23',7),(791,'2021-03-23',0),(792,'2021-06-05',7264),(793,'2020-07-12',4),(794,'2022-01-09',3063),(795,'2020-07-23',2097),(796,'2020-04-19',88),(797,'2020-05-18',8),(798,'2020-01-22',5389),(799,'2021-02-09',5890),(800,'2021-09-10',549),(801,'2020-04-25',8),(802,'2022-02-15',860),(803,'2020-05-15',334),(804,'2021-12-26',22),(805,'2021-10-05',73),(806,'2020-08-11',93),(807,'2021-01-23',552),(808,'2022-01-18',38),(809,'2020-02-26',1424),(810,'2020-03-09',503),(811,'2020-03-05',77),(812,'2019-12-23',8497),(813,'2021-08-27',408),(814,'2021-06-27',4),(815,'2021-12-22',552),(816,'2021-10-26',5),(817,'2021-03-06',6),(818,'2021-12-10',5),(819,'2021-05-14',8327),(820,'2021-12-20',95),(821,'2019-12-12',9145),(822,'2022-03-05',5),(823,'2021-03-08',907),(824,'2021-09-23',9),(825,'2021-10-03',398),(826,'2021-04-10',55),(827,'2021-07-14',455),(828,'2020-02-14',53),(829,'2021-08-19',506),(830,'2021-08-10',24),(831,'2021-04-02',9955),(832,'2021-04-16',2),(833,'2020-05-12',453),(834,'2021-03-15',3),(835,'2020-01-09',71),(836,'2022-01-30',4),(837,'2021-03-08',120),(838,'2022-02-17',787),(839,'2021-03-31',2691),(840,'2020-03-11',52),(841,'2020-06-19',7904),(842,'2021-04-24',5),(843,'2021-03-31',357),(844,'2020-02-28',9),(845,'2020-05-11',6),(846,'2020-06-19',223),(847,'2020-01-01',6),(848,'2020-07-11',3),(849,'2020-01-31',0),(850,'2022-01-13',15),(851,'2021-08-09',15),(852,'2021-06-24',48),(853,'2021-06-12',3),(854,'2021-09-24',658),(855,'2020-03-25',9),(856,'2020-05-22',7),(857,'2021-05-15',279),(858,'2021-08-28',14),(859,'2021-11-11',734),(860,'2020-01-11',350),(861,'2020-09-07',81),(862,'2021-05-25',7094),(863,'2021-09-06',9),(864,'2020-01-19',933),(865,'2020-10-03',671),(866,'2020-01-01',785),(867,'2020-12-09',3274),(868,'2022-03-11',27),(869,'2021-02-20',3680),(870,'2021-12-15',86),(871,'2020-05-10',20),(872,'2020-11-18',47),(873,'2021-06-26',7042),(874,'2021-06-27',0),(875,'2021-09-06',1854),(876,'2020-05-10',5620),(877,'2021-09-13',636),(878,'2020-11-03',189),(879,'2021-04-02',4),(880,'2022-02-11',817),(881,'2020-02-26',3889),(882,'2020-09-17',352),(883,'2021-04-12',8),(884,'2021-06-29',8),(885,'2020-10-14',1),(886,'2020-03-23',2),(887,'2022-03-05',649),(888,'2022-02-07',0),(889,'2021-11-09',6387),(890,'2021-12-13',49),(891,'2020-12-04',4762),(892,'2020-12-10',807),(893,'2021-10-04',85),(894,'2020-08-08',37),(895,'2020-04-08',372),(896,'2020-07-14',27),(897,'2020-07-15',3819),(898,'2020-02-17',305),(899,'2021-10-23',2),(900,'2020-12-17',974),(901,'2020-02-04',386),(902,'2021-03-28',992),(903,'2021-04-12',683),(904,'2020-03-05',50),(905,'2020-12-08',410),(906,'2020-11-24',9413),(907,'2021-04-02',5),(908,'2022-03-11',696),(909,'2021-02-19',4),(910,'2021-07-26',0),(911,'2020-04-30',3238),(912,'2020-04-25',531),(913,'2021-05-03',6),(914,'2021-05-22',8923),(915,'2021-02-01',96),(916,'2021-09-14',2),(917,'2020-08-19',817),(918,'2022-01-31',7),(919,'2021-01-02',9216),(920,'2020-11-14',970),(921,'2022-02-12',61),(922,'2021-01-22',72),(923,'2019-12-26',1),(924,'2020-06-25',71),(925,'2020-03-27',8),(926,'2020-11-25',3803),(927,'2020-03-25',375),(928,'2021-09-30',8628),(929,'2021-03-31',87),(930,'2020-04-01',7648),(931,'2021-03-11',5),(932,'2020-07-22',396),(933,'2020-11-08',38),(934,'2020-05-06',217),(935,'2021-05-08',12),(936,'2020-02-06',73),(937,'2020-07-20',1),(938,'2021-11-14',34),(939,'2020-03-24',2182),(940,'2022-01-30',67),(941,'2020-07-14',6601),(942,'2020-10-10',38),(943,'2021-10-06',2841),(944,'2022-01-30',4),(945,'2021-08-21',832),(946,'2020-04-24',6),(947,'2019-12-28',3734),(948,'2020-11-01',994),(949,'2021-04-05',2293),(950,'2020-02-06',5856),(951,'2020-03-31',4),(952,'2021-05-07',841),(953,'2020-06-05',51),(954,'2021-10-30',73),(955,'2022-03-13',7),(956,'2021-12-23',62),(957,'2020-05-28',546),(958,'2020-06-18',5),(959,'2021-10-29',30),(960,'2020-08-12',2),(961,'2020-12-05',16),(962,'2020-01-07',4),(963,'2020-02-14',4488),(964,'2022-02-01',4254),(965,'2021-02-05',914),(966,'2022-03-08',4),(967,'2020-05-08',6094),(968,'2021-08-28',103),(969,'2020-11-16',6),(970,'2021-08-23',9),(971,'2022-01-06',8),(972,'2021-09-25',774),(973,'2021-06-20',56),(974,'2020-11-02',92),(975,'2021-11-13',0),(976,'2020-04-27',38),(977,'2020-09-12',21),(978,'2021-08-08',445),(979,'2020-03-27',4),(980,'2020-11-21',5),(981,'2022-01-26',7),(982,'2022-02-01',15),(983,'2021-02-18',55),(984,'2021-09-24',1554),(985,'2020-03-04',30),(986,'2021-12-09',1),(987,'2021-09-13',128),(988,'2022-01-07',0),(989,'2020-09-02',7010),(990,'2021-05-14',3422),(991,'2020-04-03',8956),(992,'2021-08-31',8),(993,'2020-11-12',0),(994,'2021-03-31',71),(995,'2020-01-20',99),(996,'2021-09-16',8),(997,'2021-08-31',2892),(998,'2021-09-26',0),(999,'2022-02-07',6946),(1000,'2021-11-10',7293);
/*!40000 ALTER TABLE `COMPTE_TRANSACTION` ENABLE KEYS */;
UNLOCK TABLES;

--
-- Table structure for table `PART`
--

DROP TABLE IF EXISTS `PART`;
/*!40101 SET @saved_cs_client     = @@character_set_client */;
/*!50503 SET character_set_client = utf8mb4 */;
CREATE TABLE `PART` (
  `id_PART` int NOT NULL AUTO_INCREMENT,
  `libelle_PART` varchar(255) DEFAULT NULL,
  `valeur` float DEFAULT NULL,
  PRIMARY KEY (`id_PART`)
) ENGINE=InnoDB AUTO_INCREMENT=5 DEFAULT CHARSET=utf8mb4 COLLATE=utf8mb4_0900_ai_ci;
/*!40101 SET character_set_client = @saved_cs_client */;

--
-- Dumping data for table `PART`
--

LOCK TABLES `PART` WRITE;
/*!40000 ALTER TABLE `PART` DISABLE KEYS */;
INSERT INTO `PART` VALUES (1,'Etat',0.4),(2,'Systeme',0.3),(3,'Agence-retrait',0.2),(4,'Agence-depot',0.1);
/*!40000 ALTER TABLE `PART` ENABLE KEYS */;
UNLOCK TABLES;

--
-- Table structure for table `POSSEDR`
--

DROP TABLE IF EXISTS `POSSEDR`;
/*!40101 SET @saved_cs_client     = @@character_set_client */;
/*!50503 SET character_set_client = utf8mb4 */;
CREATE TABLE `POSSEDR` (
  `num_TRANSACTION_TRANSACTIONS` int NOT NULL,
  `id_PART_PART` int NOT NULL,
  PRIMARY KEY (`num_TRANSACTION_TRANSACTIONS`,`id_PART_PART`),
  CONSTRAINT `FK_POSSEDR_num_TRANSACTION_TRANSACTIONS` FOREIGN KEY (`num_TRANSACTION_TRANSACTIONS`) REFERENCES `TRANSACTIONS` (`num_TRANSACTION`)
) ENGINE=InnoDB DEFAULT CHARSET=utf8mb4 COLLATE=utf8mb4_0900_ai_ci;
/*!40101 SET character_set_client = @saved_cs_client */;

--
-- Dumping data for table `POSSEDR`
--

LOCK TABLES `POSSEDR` WRITE;
/*!40000 ALTER TABLE `POSSEDR` DISABLE KEYS */;
INSERT INTO `POSSEDR` VALUES (8,4),(9,3),(10,3),(11,1),(12,3),(13,4),(14,2),(15,4),(16,1),(17,3),(18,1),(19,2),(20,8),(21,4),(22,3),(23,2),(24,2),(25,2),(26,3),(27,1),(28,1),(29,2),(30,2),(31,2),(32,3),(33,3),(34,4),(35,3),(36,1),(37,4);
/*!40000 ALTER TABLE `POSSEDR` ENABLE KEYS */;
UNLOCK TABLES;

--
-- Table structure for table `PROFIL`
--

DROP TABLE IF EXISTS `PROFIL`;
/*!40101 SET @saved_cs_client     = @@character_set_client */;
/*!50503 SET character_set_client = utf8mb4 */;
CREATE TABLE `PROFIL` (
  `id_PROFIL` int NOT NULL AUTO_INCREMENT,
  `libelle_PROFIL` varchar(255) DEFAULT NULL,
  PRIMARY KEY (`id_PROFIL`)
) ENGINE=InnoDB AUTO_INCREMENT=5 DEFAULT CHARSET=utf8mb4 COLLATE=utf8mb4_0900_ai_ci;
/*!40101 SET character_set_client = @saved_cs_client */;

--
-- Dumping data for table `PROFIL`
--

LOCK TABLES `PROFIL` WRITE;
/*!40000 ALTER TABLE `PROFIL` DISABLE KEYS */;
INSERT INTO `PROFIL` VALUES (1,'chef agence'),(2,'admin system'),(3,'caissier'),(4,'utilisateur agence');
/*!40000 ALTER TABLE `PROFIL` ENABLE KEYS */;
UNLOCK TABLES;

--
-- Table structure for table `TRANSACTIONS`
--

DROP TABLE IF EXISTS `TRANSACTIONS`;
/*!40101 SET @saved_cs_client     = @@character_set_client */;
/*!50503 SET character_set_client = utf8mb4 */;
CREATE TABLE `TRANSACTIONS` (
  `num_TRANSACTION` int NOT NULL AUTO_INCREMENT,
  `montant_TRANSACTION` float DEFAULT NULL,
  `date_TRANSACTION` date DEFAULT NULL,
  `frais_TRANSACTION` float DEFAULT NULL,
  `id_USER_USER` int DEFAULT NULL,
  `numero_COMPTE_TRANSACTION` int DEFAULT NULL,
  `numero_AGENCE_AGENCE` int DEFAULT NULL,
  `nci_CLIENT_CLIENT` int DEFAULT NULL,
  `id_TYPE_TYPE` int DEFAULT NULL,
  `num_DEPOTouRETRAIT` int DEFAULT NULL,
  PRIMARY KEY (`num_TRANSACTION`),
  KEY `FK_TRANSACTIONS_id_USER_USER` (`id_USER_USER`),
  KEY `FK_TRANSACTIONS_numero_COMPTE_TRANSACTION` (`numero_COMPTE_TRANSACTION`),
  KEY `FK_TRANSACTIONS_numero_AGENCE_AGENCE` (`numero_AGENCE_AGENCE`),
  KEY `FK_TRANSACTIONS_nci_CLIENT_CLIENT` (`nci_CLIENT_CLIENT`),
  KEY `FK_TRANSACTIONS_id_TYPE_TYPE` (`id_TYPE_TYPE`),
  CONSTRAINT `FK_TRANSACTIONS_id_TYPE_TYPE` FOREIGN KEY (`id_TYPE_TYPE`) REFERENCES `TYPE` (`id_TYPE`),
  CONSTRAINT `FK_TRANSACTIONS_id_USER_USER` FOREIGN KEY (`id_USER_USER`) REFERENCES `USERS` (`id_USER`),
  CONSTRAINT `FK_TRANSACTIONS_nci_CLIENT_CLIENT` FOREIGN KEY (`nci_CLIENT_CLIENT`) REFERENCES `CLIENT` (`nci_CLIENT`),
  CONSTRAINT `FK_TRANSACTIONS_numero_AGENCE_AGENCE` FOREIGN KEY (`numero_AGENCE_AGENCE`) REFERENCES `AGENCE` (`numero_AGENCE`),
  CONSTRAINT `FK_TRANSACTIONS_numero_COMPTE_TRANSACTION` FOREIGN KEY (`numero_COMPTE_TRANSACTION`) REFERENCES `COMPTE_TRANSACTION` (`numero`)
) ENGINE=InnoDB AUTO_INCREMENT=100 DEFAULT CHARSET=utf8mb4 COLLATE=utf8mb4_0900_ai_ci;
/*!40101 SET character_set_client = @saved_cs_client */;

--
-- Dumping data for table `TRANSACTIONS`
--

LOCK TABLES `TRANSACTIONS` WRITE;
/*!40000 ALTER TABLE `TRANSACTIONS` DISABLE KEYS */;
INSERT INTO `TRANSACTIONS` VALUES (1,0,'1974-10-07',0,52,196,18,37,2,16),(2,1000.01,'2011-08-06',100.001,89,888,10,21,2,16),(3,2000.02,'1995-05-05',200.002,83,356,4,55,1,2),(4,3000.03,'1999-10-05',300.003,48,311,22,43,1,19),(5,4000.04,'1972-02-28',400.004,51,540,30,64,1,5),(6,5000.05,'1970-09-05',500.005,59,930,10,42,1,2),(7,6000.06,'1996-11-07',600.006,2,774,22,93,2,6),(8,7000.07,'1961-04-18',700.007,40,867,24,47,2,4),(9,8000.08,'2009-04-02',800.008,44,507,13,27,2,11),(10,9000.09,'1989-01-14',900.009,4,370,28,11,1,5),(11,10000.1,'1971-05-14',1000.01,37,846,30,28,1,9),(12,11000.1,'2011-06-15',1100.01,47,199,30,23,1,9),(13,12000.1,'1977-03-10',1200.01,25,302,6,47,2,17),(14,13000.1,'2018-07-07',1300.01,74,490,4,42,1,0),(15,14000.1,'1996-06-13',1400.01,91,589,14,22,2,1),(16,15000.2,'1997-02-26',1500.02,88,783,26,28,2,5),(17,16000.2,'2010-04-02',1600.02,34,241,17,85,1,15),(18,17000.2,'1964-09-10',1700.02,92,589,18,80,2,11),(19,18000.2,'2000-12-15',1800.02,45,391,18,22,2,0),(20,19000.2,'1971-06-20',1900.02,37,903,8,12,2,12),(21,20000.2,'1988-01-19',2000.02,35,865,27,45,1,19),(22,21000.2,'1962-09-18',2100.02,43,395,2,14,1,18),(23,22000.2,'1968-08-13',2200.02,13,769,11,21,1,15),(24,23000.2,'2000-02-02',2300.02,81,173,16,14,2,19),(25,24000.2,'1997-01-15',2400.02,5,824,18,7,1,9),(26,25000.2,'1996-11-01',2500.02,23,28,14,58,2,0),(27,26000.3,'2010-12-27',2600.03,52,754,19,78,2,13),(28,27000.3,'1964-06-10',2700.03,49,705,26,5,2,16),(29,28000.3,'2008-08-03',2800.03,63,778,24,75,2,18),(30,29000.3,'1962-02-22',2900.03,31,831,28,97,2,2),(31,30000.3,'2006-02-21',3000.03,96,125,13,36,2,1),(32,31000.3,'1978-03-01',3100.03,61,632,12,20,2,8),(33,32000.3,'2007-03-03',3200.03,24,818,19,77,1,0),(34,33000.3,'2012-11-11',3300.03,14,654,18,26,2,10),(35,34000.3,'1965-04-21',3400.03,25,176,13,51,1,9),(36,35000.4,'1973-03-28',3500.03,93,738,9,34,2,16),(37,36000.4,'1976-06-25',3600.04,2,295,8,23,2,10),(38,37000.4,'1972-01-21',3700.04,86,895,2,85,2,9),(39,38000.4,'2006-01-05',3800.04,62,298,30,32,2,1),(40,39000.4,'2009-04-03',3900.04,97,391,7,48,2,10),(41,40000.4,'2006-11-25',4000.04,13,886,29,60,2,3),(42,41000.4,'1973-03-28',4100.04,39,157,6,58,2,5),(43,42000.4,'1960-08-21',4200.04,97,605,11,53,2,1),(44,43000.4,'2017-01-27',4300.04,79,331,15,65,2,10),(45,44000.4,'2001-08-18',4400.04,95,169,7,55,1,19),(46,45000.4,'1969-08-05',4500.04,41,310,8,13,2,18),(47,46000.5,'1984-12-28',4600.05,29,470,13,45,2,15),(48,47000.5,'1986-01-09',4700.05,48,473,21,83,1,9),(49,48000.5,'1991-04-01',4800.05,54,937,14,81,2,2),(50,49000.5,'2016-06-11',4900.05,55,29,3,84,1,12),(51,50000.5,'2008-01-27',5000.05,68,96,6,49,2,18),(52,51000.5,'2013-08-11',5100.05,8,581,12,98,2,18),(53,52000.5,'2003-05-15',5200.05,83,16,15,21,2,10),(54,53000.5,'2000-09-08',5300.05,54,958,23,63,2,4),(55,54000.5,'2009-11-08',5400.05,19,981,17,43,2,9),(56,55000.6,'1966-03-04',5500.06,15,978,29,12,2,11),(57,56000.6,'1980-03-20',5600.06,13,754,10,2,1,10),(58,57000.6,'1984-07-18',5700.06,9,753,20,45,2,5),(59,58000.6,'1966-01-16',5800.06,32,954,14,76,2,13),(60,59000.6,'2020-02-19',5900.06,73,294,29,18,2,5),(61,60000.6,'2004-11-09',6000.06,74,838,3,59,2,17),(62,61000.6,'1975-01-20',6100.06,8,143,6,98,1,4),(63,62000.6,'1992-07-05',6200.06,81,433,21,78,2,4),(64,63000.6,'1983-02-19',6300.06,16,526,12,26,2,8),(65,64000.6,'2003-03-16',6400.06,69,773,23,9,1,10),(66,65000.6,'1992-08-18',6500.06,98,968,7,4,1,12),(67,66000.7,'1960-05-18',6600.07,53,545,9,94,2,19),(68,67000.7,'2012-11-08',6700.07,18,375,22,70,1,2),(69,68000.7,'1980-07-22',6800.07,51,835,10,76,2,8),(70,69000.7,'2015-06-04',6900.07,16,537,18,69,1,1),(71,70000.7,'1989-04-19',7000.07,45,510,17,77,2,18),(72,71000.7,'1977-06-22',7100.07,64,897,26,8,1,15),(73,72000.7,'1990-03-13',7200.07,93,791,26,62,1,18),(74,73000.7,'1985-05-22',7300.07,97,23,24,57,2,13),(75,74000.7,'2014-02-08',7400.07,33,80,9,34,2,12),(76,75000.8,'2018-05-19',7500.08,27,57,21,52,1,17),(77,76000.8,'1999-10-10',7600.08,95,998,7,12,1,8),(78,77000.8,'1962-03-21',7700.08,82,509,13,14,1,16),(79,78000.8,'2002-02-16',7800.08,76,218,12,93,1,12),(80,79000.8,'1979-05-23',7900.08,84,774,9,63,1,12),(81,80000.8,'1971-04-20',8000.08,63,879,10,45,2,7),(82,81000.8,'1974-09-18',8100.08,38,964,27,86,1,15),(83,82000.8,'1992-02-19',8200.08,51,175,3,99,2,12),(84,83000.8,'2019-10-07',8300.08,97,406,8,93,2,11),(85,84000.8,'1965-12-25',8400.08,41,149,1,15,2,6),(86,85000.9,'2008-12-14',8500.08,66,377,20,41,2,3),(87,86000.9,'1967-02-19',8600.09,63,349,1,95,1,9),(88,87000.9,'2016-08-16',8700.09,77,589,24,80,1,1),(89,88000.9,'1989-09-05',8800.09,45,164,22,67,2,8),(90,89000.9,'2014-01-17',8900.09,28,894,6,65,2,13),(91,90000.9,'2019-10-18',9000.09,45,856,25,38,2,9),(92,91000.9,'2013-12-07',9100.09,44,165,30,57,2,15),(93,92000.9,'2018-09-21',9200.09,78,216,24,85,2,10),(94,93000.9,'2019-07-21',9300.09,70,414,5,96,1,9),(95,94000.9,'1972-06-13',9400.09,1,963,26,86,2,17),(96,95001,'1996-03-19',9500.09,60,235,13,88,1,12),(97,96001,'1968-10-03',9600.1,94,11,16,65,1,19),(98,97001,'1989-07-06',9700.1,66,9,6,79,2,11),(99,98001,'1966-05-09',9800.1,50,33,21,19,1,10);
/*!40000 ALTER TABLE `TRANSACTIONS` ENABLE KEYS */;
UNLOCK TABLES;

--
-- Table structure for table `TYPE`
--

DROP TABLE IF EXISTS `TYPE`;
/*!40101 SET @saved_cs_client     = @@character_set_client */;
/*!50503 SET character_set_client = utf8mb4 */;
CREATE TABLE `TYPE` (
  `id_TYPE` int NOT NULL AUTO_INCREMENT,
  `type` varchar(255) DEFAULT NULL,
  PRIMARY KEY (`id_TYPE`)
) ENGINE=InnoDB AUTO_INCREMENT=3 DEFAULT CHARSET=utf8mb4 COLLATE=utf8mb4_0900_ai_ci;
/*!40101 SET character_set_client = @saved_cs_client */;

--
-- Dumping data for table `TYPE`
--

LOCK TABLES `TYPE` WRITE;
/*!40000 ALTER TABLE `TYPE` DISABLE KEYS */;
INSERT INTO `TYPE` VALUES (1,'depot'),(2,'retrait');
/*!40000 ALTER TABLE `TYPE` ENABLE KEYS */;
UNLOCK TABLES;

--
-- Table structure for table `USERS`
--

DROP TABLE IF EXISTS `USERS`;
/*!40101 SET @saved_cs_client     = @@character_set_client */;
/*!50503 SET character_set_client = utf8mb4 */;
CREATE TABLE `USERS` (
  `id_USER` int NOT NULL AUTO_INCREMENT,
  `nom_USER` varchar(255) DEFAULT NULL,
  `etat_USER` tinyint(1) DEFAULT '0',
  `login_USER` varchar(255) DEFAULT NULL,
  `password_USER` varchar(20) DEFAULT NULL,
  `id_PROFIL_PROFIL` int DEFAULT NULL,
  `numero_AGENCE_AGENCE` int DEFAULT NULL,
  PRIMARY KEY (`id_USER`),
  KEY `FK_USER_id_PROFIL_PROFIL` (`id_PROFIL_PROFIL`),
  CONSTRAINT `FK_USER_id_PROFIL_PROFIL` FOREIGN KEY (`id_PROFIL_PROFIL`) REFERENCES `PROFIL` (`id_PROFIL`)
) ENGINE=InnoDB AUTO_INCREMENT=101 DEFAULT CHARSET=utf8mb4 COLLATE=utf8mb4_0900_ai_ci;
/*!40101 SET character_set_client = @saved_cs_client */;

--
-- Dumping data for table `USERS`
--

LOCK TABLES `USERS` WRITE;
/*!40000 ALTER TABLE `USERS` DISABLE KEYS */;
INSERT INTO `USERS` VALUES (1,'Dunbar',1,'gdunbar0','p0ZPj366f',1,8),(2,'Slott',0,'sslott1','IqMU6rqQ4',1,8),(3,'Stock',1,'astock2','ak3tLhQFG',2,3),(4,'Goby',1,'cgoby3','q4aWRglK3B7w',3,7),(5,'Desantis',0,'gdesantis4','kljMbEhUXOy',4,0),(6,'Feckey',1,'lfeckey5','6r7i62W',1,0),(7,'Brunnen',1,'abrunnen6','rJjHeo',4,0),(8,'Tebald',0,'etebald7','aCzkHrMUlJ',2,3),(9,'Mollin',0,'lmollin8','Dec5RfOlAme',3,5),(10,'Cawthry',0,'scawthry9','9lNdaQPjEDKK',4,7),(11,'Mouan',0,'hmouana','Vc1pg4QU3',4,3),(12,'Winton',1,'hwintonb','WmYvQinsP2v',3,8),(13,'Lightman',0,'elightmanc','7UxbeG7',2,2),(14,'Puckham',0,'ppuckhamd','cQyQeoajk0bU',1,0),(15,'Siehard',1,'csieharde','kPcYFnywRhe8',1,1),(16,'Loins',1,'zloinsf','Oz2kY3eXN6gY',3,4),(17,'McKimm',0,'wmckimmg','NCqaYxl2qz',2,5),(18,'Escudier',1,'iescudierh','kaR2pr',1,4),(19,'Passman',0,'vpassmani','7StETSd',2,0),(20,'Wimlett',1,'rwimlettj','vnDnfnyb',3,5),(21,'Torrecilla',1,'etorrecillak','lBVuyFLLfaoN',4,6),(22,'Fenners',0,'gfennersl','C2edzKSUXE',2,9),(23,'Swindon',0,'hswindonm','2JyHVtk83Cg',1,5),(24,'Fargie',0,'mfargien','LiGilfX',3,0),(25,'Gowers',0,'hgowerso','b2bGmZCEfTvo',4,7),(26,'Dalgliesh',0,'wdalglieshp','RJlMlws',1,6),(27,'Ramel',0,'bramelq','kcsaYX',3,8),(28,'Mateev',0,'emateevr','ga62ylC3q',2,5),(29,'Wragg',1,'bwraggs','q0agsefD04C',4,9),(30,'Harkess',0,'iharkesst','l5Inot0A',2,0),(31,'Dodgshun',0,'idodgshunu','GXZRwfCWoOCK',3,1),(32,'Jordi',0,'mjordiv','2v7n1misc',4,1),(33,'Kalinke',0,'akalinkew','BaA7Doxa',1,6),(34,'MacTerrelly',1,'amacterrellyx','XeFIwDvbHtXe',3,0),(35,'Fewtrell',1,'pfewtrelly','SJWJQRLAHPD0',1,4),(36,'Traviss',1,'ftravissz','1BYZYgeUUa5W',2,9),(37,'Hargreaves',0,'ohargreaves10','sCIghzidX',1,3),(38,'Gowlett',1,'egowlett11','B9SQ26g',3,4),(39,'Sor',1,'dsor12','x2SYzq',1,7),(40,'Castiglio',1,'mcastiglio13','SBO9DCb9',2,4),(41,'Madgett',0,'bmadgett14','ZQPh4pH',1,2),(42,'Van der Daal',1,'kvanderdaal15','Isp42QKZDb',4,2),(43,'Gheorghie',1,'wgheorghie16','Qy0hWDU',2,3),(44,'Figure',1,'lfigure17','z45oiqSHu',1,7),(45,'Jolly',1,'jjolly18','SFFTMjul',1,6),(46,'Chilver',1,'mchilver19','Ci8E6C',1,2),(47,'Joselevitz',0,'hjoselevitz1a','7Xsd1kg',4,1),(48,'Soppit',1,'tsoppit1b','0UNHE5LUHH',3,6),(49,'McKane',0,'cmckane1c','Vdwtqln7o2',3,3),(50,'Duerdin',0,'cduerdin1d','V9WeurVunR',4,2),(51,'Farenden',1,'sfarenden1e','EcFWs2gsQ',4,8),(52,'Burkwood',0,'kburkwood1f','81oaQfeE',3,1),(53,'Lindner',0,'glindner1g','kBnMmvoGC',3,6),(54,'Andress',1,'handress1h','l0vDxxfMDZ',4,6),(55,'Wathell',0,'awathell1i','FdMWi1xvny',3,8),(56,'Manjin',0,'emanjin1j','s4gjgE',3,0),(57,'Elderton',1,'melderton1k','CDozraZngc',4,2),(58,'O\'Meara',0,'aomeara1l','Gl0FKMJ',4,1),(59,'Warrier',1,'awarrier1m','YQPjszQSxTiX',4,1),(60,'Quiddihy',1,'aquiddihy1n','4euujnlRFXX',3,6),(61,'Titcom',1,'ltitcom1o','7k8Xt7di',3,8),(62,'Bigrigg',1,'bbigrigg1p','SMsf6TF8',4,2),(63,'Boyson',1,'sboyson1q','vOcPG4psx',3,6),(64,'Archard',0,'jarchard1r','x3QdHT0d',4,6),(65,'Whyffen',0,'mwhyffen1s','ibXA2ob05x',3,9),(66,'Bitten',1,'ibitten1t','wo4w4kglH',3,5),(67,'McAnulty',1,'lmcanulty1u','4aGopGAYssu',4,7),(68,'Stibbs',0,'ostibbs1v','vg5vCZFJD7hk',4,4),(69,'FitzGeorge',0,'lfitzgeorge1w','QSWulLA',3,3),(70,'McSpirron',1,'smcspirron1x','PGw4HRxEXu',3,8),(71,'Wankel',1,'swankel1y','J5cSmQ',3,5),(72,'Headford',1,'kheadford1z','VYsqgf6uBjD',4,3),(73,'Mariette',1,'nmariette20','iOhK4sJgWC',4,2),(74,'Geering',0,'cgeering21','pa6it4tY',3,3),(75,'Allder',0,'kallder22','J2ijr7RgXl',3,0),(76,'Sante',0,'msante23','pJCMvC1DxE',4,2),(77,'Suffe',1,'ksuffe24','MuckBRN7vqF1',4,2),(78,'Barthelmes',1,'dbarthelmes25','tK7FLvH47W6',4,8),(79,'Bliss',1,'cbliss26','4VREY5n',3,8),(80,'Wrate',0,'mwrate27','NZR7SKh6xEUl',4,6),(81,'Niave',1,'sniave28','64fxbR',3,7),(82,'Veeler',0,'nveeler29','Ktz3MS',4,9),(83,'McKelloch',1,'jmckelloch2a','egixnzIe',3,1),(84,'Perree',0,'jperree2b','OTy203V1Y',3,9),(85,'Rubinsztein',0,'rrubinsztein2c','TmVi48EfQSjF',3,6),(86,'Sivier',1,'lsivier2d','mG6uUwF8J7ts',4,4),(87,'Charity',1,'mcharity2e','sSNhwF',3,3),(88,'Dunstone',1,'adunstone2f','vQg033LutAu',3,4),(89,'Ruddiman',0,'nruddiman2g','gaO80iO',4,9),(90,'La Rosa',1,'klarosa2h','03lNXut0a',4,2),(91,'Blaylock',0,'dblaylock2i','puPyfPpm',4,7),(92,'Buttery',0,'ebuttery2j','POPnrX6',3,6),(93,'Liddon',0,'jliddon2k','YhQGzjU3ye',3,1),(94,'Fillingham',0,'zfillingham2l','2wc9FUzcJUjU',3,1),(95,'Charle',1,'acharle2m','sUYghCNUYt',3,8),(96,'Parrett',1,'sparrett2n','VkNvGD5b',4,3),(97,'Werrit',0,'jwerrit2o','AIFg3YCUu',4,2),(98,'Matokhnin',1,'amatokhnin2p','S2Y4RMA',4,2),(99,'Menelaws',1,'zmenelaws2q','O4gbVwe6KPGd',4,2),(100,'Butters',0,'rbutters2r','RtCrgh1V9T',4,9);
/*!40000 ALTER TABLE `USERS` ENABLE KEYS */;
UNLOCK TABLES;

--
-- Temporary view structure for view `total_inf_2010`
--

DROP TABLE IF EXISTS `total_inf_2010`;
/*!50001 DROP VIEW IF EXISTS `total_inf_2010`*/;
SET @saved_cs_client     = @@character_set_client;
/*!50503 SET character_set_client = utf8mb4 */;
/*!50001 CREATE VIEW `total_inf_2010` AS SELECT 
 1 AS `adresse_AGENCE`,
 1 AS `total`*/;
SET character_set_client = @saved_cs_client;

--
-- Final view structure for view `total_inf_2010`
--

/*!50001 DROP VIEW IF EXISTS `total_inf_2010`*/;
/*!50001 SET @saved_cs_client          = @@character_set_client */;
/*!50001 SET @saved_cs_results         = @@character_set_results */;
/*!50001 SET @saved_col_connection     = @@collation_connection */;
/*!50001 SET character_set_client      = utf8mb4 */;
/*!50001 SET character_set_results     = utf8mb4 */;
/*!50001 SET collation_connection      = utf8mb4_0900_ai_ci */;
/*!50001 CREATE ALGORITHM=UNDEFINED */
/*!50013 DEFINER=`root`@`localhost` SQL SECURITY DEFINER */
/*!50001 VIEW `total_inf_2010` AS select `AGENCE`.`adresse_AGENCE` AS `adresse_AGENCE`,count(0) AS `total` from (`TRANSACTIONS` join `AGENCE`) where ((`AGENCE`.`numero_AGENCE` = `TRANSACTIONS`.`numero_AGENCE_AGENCE`) and (year(`TRANSACTIONS`.`date_TRANSACTION`) > 2010)) group by `AGENCE`.`adresse_AGENCE` */;
/*!50001 SET character_set_client      = @saved_cs_client */;
/*!50001 SET character_set_results     = @saved_cs_results */;
/*!50001 SET collation_connection      = @saved_col_connection */;
/*!40103 SET TIME_ZONE=@OLD_TIME_ZONE */;

/*!40101 SET SQL_MODE=@OLD_SQL_MODE */;
/*!40014 SET FOREIGN_KEY_CHECKS=@OLD_FOREIGN_KEY_CHECKS */;
/*!40014 SET UNIQUE_CHECKS=@OLD_UNIQUE_CHECKS */;
/*!40101 SET CHARACTER_SET_CLIENT=@OLD_CHARACTER_SET_CLIENT */;
/*!40101 SET CHARACTER_SET_RESULTS=@OLD_CHARACTER_SET_RESULTS */;
/*!40101 SET COLLATION_CONNECTION=@OLD_COLLATION_CONNECTION */;
/*!40111 SET SQL_NOTES=@OLD_SQL_NOTES */;

-- Dump completed on 2022-03-20  0:54:47
